,0
0,CJ대한통운
1,DB손해보험
2,DB하이텍
3,DGB금융지주
4,GS
5,GS글로벌
6,JW생명과학
7,JW중외제약
8,현대증권
9,KSS해운
10,KTH
11,LF
12,LG생활건강
13,LG유플러스
14,LG이노텍
15,LG하우시스
16,LG화학
17,NAVER
18,NH투자증권
19,NICE
20,SKC 솔믹스
21,PI첨단소재
22,SK디앤디
23,SK머티리얼즈
24,SK바이오랜드
25,SK증권
26,SK하이닉스
27,SPC삼립
28,경남은행
29,계룡건설
30,광동제약
31,광주은행
32,금호석유
33,나스미디어
34,녹십자홀딩스
35,다스코
36,대상홀딩스
37,대원제약
38,대한제강
39,대현
40,더블유게임즈
41,덴티움
42,도화엔지니어링
43,동양피스톤
44,동일산업
45,두올
46,디와이
47,디피씨
48,롯데손해보험
49,롯데케미칼
50,롯데푸드
51,롯데하이마트
52,만도
53,메리츠화재
54,모두투어
55,미래에셋대우
56,미래컴퍼니
57,부광약품
58,비상교육
59,삼성에스디에스
60,선진
61,셀트리온
62,셀트리온헬스케어
63,신세계
64,신세계 I&C
65,신세계인터내셔날
66,신세계푸드
67,실리콘웍스
68,한국아트라스비엑스
69,안랩
70,에스에프에이
71,에스원
72,엔씨소프트
73,엔에스쇼핑
74,NHN
75,오뚜기
76,오렌지라이프
77,오스템임플란트
78,와이지-원
79,코웨이
80,유니켐
81,유유제약
82,유한양행
83,율촌화학
84,이노션
85,이마트
86,이연제약
87,일신방직
88,제일기획
89,제주은행
90,제주항공
91,지투알
92,진에어
93,카카오
94,KT
95,스카이라이프
96,코리안리
97,코스맥스비티아이
98,코스모신소재
99,코오롱글로벌
100,코오롱플라스틱
101,콜마비앤에이치
102,클리오
103,태영건설
104,팜스코
105,팬오션
106,포스코강판
107,하림지주
108,한국금융지주
109,한국콜마홀딩스
110,한독
111,한미글로벌
112,한섬
113,한세실업
114,한온시스템
115,한전KPS
116,한화손해보험
117,한화솔루션
118,현대엘리베이
119,현대제철
120,현대차증권
121,화승인더
122,환인제약
123,휴니드
124,휴온스글로벌
125,BNK금융지주
126,KB금융
127,KT&G
128,포스코인터내셔널
129,풀무원
130,CJ
131,CJ CGV
132,CJ제일제당
133,CJ프레시웨이
134,JB금융지주
135,KB손해보험
136,LS ELECTRIC
137,SK
138,동아쏘시오홀딩스
139,메리츠금융지주
140,메리츠증권
141,삼성물산
142,삼성전기
143,삼성화재
144,전북은행
145,한솔테크닉스
146,한솔홈데코
147,한화
148,한화에어로스페이스
149,해성디에스
150,현대그린푸드
151,현대글로비스
152,현대리바트
153,현대백화점
154,현대해상
155,현대홈쇼핑
156,호텔신라
